,filename
0,PUBLIC_PREDISPATCHIS_202209250030_20220925000400.zip
1,PUBLIC_PREDISPATCHIS_202209250100_20220925003351.zip
2,PUBLIC_PREDISPATCHIS_202209250130_20220925010346.zip
3,PUBLIC_PREDISPATCHIS_202209250200_20220925013325.zip
4,PUBLIC_PREDISPATCHIS_202209250230_20220925020344.zip
5,PUBLIC_PREDISPATCHIS_202209250300_20220925023343.zip
6,PUBLIC_PREDISPATCHIS_202209250330_20220925030327.zip
7,PUBLIC_PREDISPATCHIS_202209250400_20220925033401.zip
8,PUBLIC_PREDISPATCHIS_202209250430_20220925040317.zip
9,PUBLIC_PREDISPATCHIS_202209250500_20220925043309.zip
10,PUBLIC_PREDISPATCHIS_202209250530_20220925050308.zip
11,PUBLIC_PREDISPATCHIS_202209250600_20220925053251.zip
12,PUBLIC_PREDISPATCHIS_202209250630_20220925060305.zip
13,PUBLIC_PREDISPATCHIS_202209250700_20220925063301.zip
14,PUBLIC_PREDISPATCHIS_202209250730_20220925070254.zip
15,PUBLIC_PREDISPATCHIS_202209250800_20220925073248.zip
16,PUBLIC_PREDISPATCHIS_202209250830_20220925080315.zip
17,PUBLIC_PREDISPATCHIS_202209250900_20220925083355.zip
18,PUBLIC_PREDISPATCHIS_202209250930_20220925090349.zip
19,PUBLIC_PREDISPATCHIS_202209251000_20220925093410.zip
20,PUBLIC_PREDISPATCHIS_202209251030_20220925100342.zip
21,PUBLIC_PREDISPATCHIS_202209251100_20220925103349.zip
22,PUBLIC_PREDISPATCHIS_202209251130_20220925110355.zip
23,PUBLIC_PREDISPATCHIS_202209251200_20220925113311.zip
24,PUBLIC_PREDISPATCHIS_202209251230_20220925120310.zip
25,PUBLIC_PREDISPATCHIS_202209251300_20220925123649.zip
26,PUBLIC_PREDISPATCHIS_202209251330_20220925130709.zip
27,PUBLIC_PREDISPATCHIS_202209251400_20220925133649.zip
28,PUBLIC_PREDISPATCHIS_202209251430_20220925140628.zip
29,PUBLIC_PREDISPATCHIS_202209251500_20220925143516.zip
30,PUBLIC_PREDISPATCHIS_202209251530_20220925150408.zip
31,PUBLIC_PREDISPATCHIS_202209251600_20220925153406.zip
32,PUBLIC_PREDISPATCHIS_202209251630_20220925160355.zip
33,PUBLIC_PREDISPATCHIS_202209251700_20220925163354.zip
34,PUBLIC_PREDISPATCHIS_202209251730_20220925170356.zip
35,PUBLIC_PREDISPATCHIS_202209251800_20220925173359.zip
36,PUBLIC_PREDISPATCHIS_202209251830_20220925180400.zip
37,PUBLIC_PREDISPATCHIS_202209251900_20220925183349.zip
38,PUBLIC_PREDISPATCHIS_202209251930_20220925190341.zip
39,PUBLIC_PREDISPATCHIS_202209252000_20220925193400.zip
40,PUBLIC_PREDISPATCHIS_202209252030_20220925200345.zip
41,PUBLIC_PREDISPATCHIS_202209252100_20220925203333.zip
42,PUBLIC_PREDISPATCHIS_202209252130_20220925210338.zip
43,PUBLIC_PREDISPATCHIS_202209252200_20220925213330.zip
44,PUBLIC_PREDISPATCHIS_202209252230_20220925220336.zip
45,PUBLIC_PREDISPATCHIS_202209252300_20220925223341.zip
46,PUBLIC_PREDISPATCHIS_202209252330_20220925230315.zip
47,PUBLIC_PREDISPATCHIS_202209260000_20220925233307.zip
48,PUBLIC_PREDISPATCHIS_202209260030_20220926000310.zip
49,PUBLIC_PREDISPATCHIS_202209260100_20220926003310.zip
50,PUBLIC_PREDISPATCHIS_202209260130_20220926010259.zip
51,PUBLIC_PREDISPATCHIS_202209260200_20220926013258.zip
52,PUBLIC_PREDISPATCHIS_202209260230_20220926020305.zip
53,PUBLIC_PREDISPATCHIS_202209260300_20220926023302.zip
54,PUBLIC_PREDISPATCHIS_202209260330_20220926030302.zip
55,PUBLIC_PREDISPATCHIS_202209260400_20220926033255.zip
56,PUBLIC_PREDISPATCHIS_202209260430_20220926040306.zip
57,PUBLIC_PREDISPATCHIS_202209260500_20220926043242.zip
58,PUBLIC_PREDISPATCHIS_202209260530_20220926050247.zip
59,PUBLIC_PREDISPATCHIS_202209260600_20220926053244.zip
60,PUBLIC_PREDISPATCHIS_202209260630_20220926060235.zip
61,PUBLIC_PREDISPATCHIS_202209260700_20220926063235.zip
62,PUBLIC_PREDISPATCHIS_202209260730_20220926070233.zip
63,PUBLIC_PREDISPATCHIS_202209260800_20220926073233.zip
64,PUBLIC_PREDISPATCHIS_202209260830_20220926080230.zip
65,PUBLIC_PREDISPATCHIS_202209260900_20220926083204.zip
66,PUBLIC_PREDISPATCHIS_202209260930_20220926090214.zip
67,PUBLIC_PREDISPATCHIS_202209261000_20220926093200.zip
68,PUBLIC_PREDISPATCHIS_202209261030_20220926100206.zip
69,PUBLIC_PREDISPATCHIS_202209261100_20220926103149.zip
70,PUBLIC_PREDISPATCHIS_202209261130_20220926110204.zip
71,PUBLIC_PREDISPATCHIS_202209261200_20220926113151.zip
72,PUBLIC_PREDISPATCHIS_202209261230_20220926120148.zip
73,PUBLIC_PREDISPATCHIS_202209261300_20220926123337.zip
74,PUBLIC_PREDISPATCHIS_202209261330_20220926130405.zip
75,PUBLIC_PREDISPATCHIS_202209261400_20220926133351.zip
76,PUBLIC_PREDISPATCHIS_202209261430_20220926140336.zip
77,PUBLIC_PREDISPATCHIS_202209261500_20220926143417.zip
78,PUBLIC_PREDISPATCHIS_202209261530_20220926150325.zip
79,PUBLIC_PREDISPATCHIS_202209261600_20220926153348.zip
80,PUBLIC_PREDISPATCHIS_202209261630_20220926160319.zip
81,PUBLIC_PREDISPATCHIS_202209261700_20220926163326.zip
82,PUBLIC_PREDISPATCHIS_202209261730_20220926170338.zip
83,PUBLIC_PREDISPATCHIS_202209261800_20220926173329.zip
84,PUBLIC_PREDISPATCHIS_202209261830_20220926180344.zip
85,PUBLIC_PREDISPATCHIS_202209261900_20220926183307.zip
86,PUBLIC_PREDISPATCHIS_202209261930_20220926190326.zip
87,PUBLIC_PREDISPATCHIS_202209262000_20220926193312.zip
88,PUBLIC_PREDISPATCHIS_202209262030_20220926200257.zip
89,PUBLIC_PREDISPATCHIS_202209262100_20220926203313.zip
90,PUBLIC_PREDISPATCHIS_202209262130_20220926210257.zip
91,PUBLIC_PREDISPATCHIS_202209262200_20220926213313.zip
92,PUBLIC_PREDISPATCHIS_202209262230_20220926220256.zip
93,PUBLIC_PREDISPATCHIS_202209262300_20220926223248.zip
94,PUBLIC_PREDISPATCHIS_202209262330_20220926230258.zip
95,PUBLIC_PREDISPATCHIS_202209270000_20220926233303.zip
96,PUBLIC_PREDISPATCHIS_202209270030_20220927000251.zip
97,PUBLIC_PREDISPATCHIS_202209270100_20220927003240.zip
98,PUBLIC_PREDISPATCHIS_202209270130_20220927010330.zip
99,PUBLIC_PREDISPATCHIS_202209270200_20220927013237.zip
100,PUBLIC_PREDISPATCHIS_202209270230_20220927020252.zip
101,PUBLIC_PREDISPATCHIS_202209270300_20220927023233.zip
102,PUBLIC_PREDISPATCHIS_202209270330_20220927030244.zip
103,PUBLIC_PREDISPATCHIS_202209270400_20220927033241.zip
104,PUBLIC_PREDISPATCHIS_202209270430_20220927040221.zip
105,PUBLIC_PREDISPATCHIS_202209270500_20220927043246.zip
106,PUBLIC_PREDISPATCHIS_202209270530_20220927050224.zip
107,PUBLIC_PREDISPATCHIS_202209270600_20220927053215.zip
108,PUBLIC_PREDISPATCHIS_202209270630_20220927060221.zip
109,PUBLIC_PREDISPATCHIS_202209270700_20220927063210.zip
110,PUBLIC_PREDISPATCHIS_202209270730_20220927070220.zip
111,PUBLIC_PREDISPATCHIS_202209270800_20220927073222.zip
112,PUBLIC_PREDISPATCHIS_202209270830_20220927080228.zip
113,PUBLIC_PREDISPATCHIS_202209270900_20220927083213.zip
114,PUBLIC_PREDISPATCHIS_202209270930_20220927090200.zip
115,PUBLIC_PREDISPATCHIS_202209271000_20220927093201.zip
116,PUBLIC_PREDISPATCHIS_202209271030_20220927100157.zip
117,PUBLIC_PREDISPATCHIS_202209271100_20220927103210.zip
118,PUBLIC_PREDISPATCHIS_202209271130_20220927110205.zip
119,PUBLIC_PREDISPATCHIS_202209271200_20220927113204.zip
120,PUBLIC_PREDISPATCHIS_202209271230_20220927120201.zip
121,PUBLIC_PREDISPATCHIS_202209271300_20220927123417.zip
122,PUBLIC_PREDISPATCHIS_202209271330_20220927130432.zip
123,PUBLIC_PREDISPATCHIS_202209271400_20220927133345.zip
124,PUBLIC_PREDISPATCHIS_202209271430_20220927140347.zip
125,PUBLIC_PREDISPATCHIS_202209271500_20220927143346.zip
126,PUBLIC_PREDISPATCHIS_202209271530_20220927150344.zip
127,PUBLIC_PREDISPATCHIS_202209271600_20220927153337.zip
128,PUBLIC_PREDISPATCHIS_202209271630_20220927160340.zip
129,PUBLIC_PREDISPATCHIS_202209271700_20220927163322.zip
130,PUBLIC_PREDISPATCHIS_202209271730_20220927170412.zip
131,PUBLIC_PREDISPATCHIS_202209271800_20220927173336.zip
132,PUBLIC_PREDISPATCHIS_202209271830_20220927180328.zip
133,PUBLIC_PREDISPATCHIS_202209271900_20220927183335.zip
134,PUBLIC_PREDISPATCHIS_202209271930_20220927190347.zip
135,PUBLIC_PREDISPATCHIS_202209272000_20220927193344.zip
136,PUBLIC_PREDISPATCHIS_202209272030_20220927200317.zip
137,PUBLIC_PREDISPATCHIS_202209272100_20220927203344.zip
138,PUBLIC_PREDISPATCHIS_202209272130_20220927210350.zip
139,PUBLIC_PREDISPATCHIS_202209272200_20220927213306.zip
140,PUBLIC_PREDISPATCHIS_202209272230_20220927220335.zip
141,PUBLIC_PREDISPATCHIS_202209272300_20220927223301.zip
142,PUBLIC_PREDISPATCHIS_202209272330_20220927230312.zip
143,PUBLIC_PREDISPATCHIS_202209280000_20220927233302.zip
144,PUBLIC_PREDISPATCHIS_202209280030_20220928000250.zip
145,PUBLIC_PREDISPATCHIS_202209280100_20220928003324.zip
146,PUBLIC_PREDISPATCHIS_202209280130_20220928010242.zip
147,PUBLIC_PREDISPATCHIS_202209280200_20220928013316.zip
148,PUBLIC_PREDISPATCHIS_202209280230_20220928020248.zip
149,PUBLIC_PREDISPATCHIS_202209280300_20220928023234.zip
150,PUBLIC_PREDISPATCHIS_202209280330_20220928030231.zip
151,PUBLIC_PREDISPATCHIS_202209280400_20220928033242.zip
152,PUBLIC_PREDISPATCHIS_202209280430_20220928040239.zip
153,PUBLIC_PREDISPATCHIS_202209280500_20220928043235.zip
154,PUBLIC_PREDISPATCHIS_202209280530_20220928050259.zip
155,PUBLIC_PREDISPATCHIS_202209280600_20220928053223.zip
156,PUBLIC_PREDISPATCHIS_202209280630_20220928060231.zip
157,PUBLIC_PREDISPATCHIS_202209280700_20220928063220.zip
158,PUBLIC_PREDISPATCHIS_202209280730_20220928070227.zip
159,PUBLIC_PREDISPATCHIS_202209280800_20220928073217.zip
160,PUBLIC_PREDISPATCHIS_202209280830_20220928080235.zip
161,PUBLIC_PREDISPATCHIS_202209280900_20220928083227.zip
162,PUBLIC_PREDISPATCHIS_202209280930_20220928090216.zip
163,PUBLIC_PREDISPATCHIS_202209281000_20220928093200.zip
164,PUBLIC_PREDISPATCHIS_202209281030_20220928100217.zip
165,PUBLIC_PREDISPATCHIS_202209281100_20220928103201.zip
166,PUBLIC_PREDISPATCHIS_202209281130_20220928110157.zip
167,PUBLIC_PREDISPATCHIS_202209281200_20220928113209.zip
168,PUBLIC_PREDISPATCHIS_202209281230_20220928120221.zip
169,PUBLIC_PREDISPATCHIS_202209281300_20220928123418.zip
170,PUBLIC_PREDISPATCHIS_202209281330_20220928130434.zip
171,PUBLIC_PREDISPATCHIS_202209281400_20220928133425.zip
172,PUBLIC_PREDISPATCHIS_202209281430_20220928140444.zip
173,PUBLIC_PREDISPATCHIS_202209281500_20220928143507.zip
174,PUBLIC_PREDISPATCHIS_202209281530_20220928150353.zip
175,PUBLIC_PREDISPATCHIS_202209281600_20220928153408.zip
176,PUBLIC_PREDISPATCHIS_202209281630_20220928160352.zip
177,PUBLIC_PREDISPATCHIS_202209281700_20220928163438.zip
178,PUBLIC_PREDISPATCHIS_202209281730_20220928170408.zip
179,PUBLIC_PREDISPATCHIS_202209281800_20220928173416.zip
180,PUBLIC_PREDISPATCHIS_202209281830_20220928180406.zip
181,PUBLIC_PREDISPATCHIS_202209281900_20220928183343.zip
182,PUBLIC_PREDISPATCHIS_202209281930_20220928190349.zip
183,PUBLIC_PREDISPATCHIS_202209282000_20220928193442.zip
184,PUBLIC_PREDISPATCHIS_202209282030_20220928200330.zip
185,PUBLIC_PREDISPATCHIS_202209282100_20220928203347.zip
186,PUBLIC_PREDISPATCHIS_202209282130_20220928210348.zip
187,PUBLIC_PREDISPATCHIS_202209282200_20220928213332.zip
188,PUBLIC_PREDISPATCHIS_202209282230_20220928220314.zip
189,PUBLIC_PREDISPATCHIS_202209282300_20220928223312.zip
190,PUBLIC_PREDISPATCHIS_202209282330_20220928230354.zip
191,PUBLIC_PREDISPATCHIS_202209290000_20220928233324.zip
192,PUBLIC_PREDISPATCHIS_202209290030_20220929000317.zip
193,PUBLIC_PREDISPATCHIS_202209290100_20220929003325.zip
194,PUBLIC_PREDISPATCHIS_202209290130_20220929010305.zip
195,PUBLIC_PREDISPATCHIS_202209290200_20220929013340.zip
196,PUBLIC_PREDISPATCHIS_202209290230_20220929020301.zip
197,PUBLIC_PREDISPATCHIS_202209290300_20220929023321.zip
198,PUBLIC_PREDISPATCHIS_202209290330_20220929030320.zip
199,PUBLIC_PREDISPATCHIS_202209290400_20220929033324.zip
200,PUBLIC_PREDISPATCHIS_202209290430_20220929040307.zip
201,PUBLIC_PREDISPATCHIS_202209290500_20220929043231.zip
202,PUBLIC_PREDISPATCHIS_202209290530_20220929050311.zip
203,PUBLIC_PREDISPATCHIS_202209290600_20220929053247.zip
204,PUBLIC_PREDISPATCHIS_202209290630_20220929060243.zip
205,PUBLIC_PREDISPATCHIS_202209290700_20220929063303.zip
206,PUBLIC_PREDISPATCHIS_202209290730_20220929070259.zip
207,PUBLIC_PREDISPATCHIS_202209290800_20220929073309.zip
208,PUBLIC_PREDISPATCHIS_202209290830_20220929080242.zip
209,PUBLIC_PREDISPATCHIS_202209290900_20220929083230.zip
210,PUBLIC_PREDISPATCHIS_202209290930_20220929090232.zip
211,PUBLIC_PREDISPATCHIS_202209291000_20220929093204.zip
212,PUBLIC_PREDISPATCHIS_202209291030_20220929100203.zip
213,PUBLIC_PREDISPATCHIS_202209291100_20220929103237.zip
214,PUBLIC_PREDISPATCHIS_202209291130_20220929110218.zip
215,PUBLIC_PREDISPATCHIS_202209291200_20220929113157.zip
216,PUBLIC_PREDISPATCHIS_202209291230_20220929120151.zip
217,PUBLIC_PREDISPATCHIS_202209291300_20220929123502.zip
218,PUBLIC_PREDISPATCHIS_202209291330_20220929130431.zip
219,PUBLIC_PREDISPATCHIS_202209291400_20220929133452.zip
220,PUBLIC_PREDISPATCHIS_202209291430_20220929140436.zip
221,PUBLIC_PREDISPATCHIS_202209291500_20220929143402.zip
222,PUBLIC_PREDISPATCHIS_202209291530_20220929150413.zip
223,PUBLIC_PREDISPATCHIS_202209291600_20220929153355.zip
224,PUBLIC_PREDISPATCHIS_202209291630_20220929160353.zip
225,PUBLIC_PREDISPATCHIS_202209291700_20220929163349.zip
226,PUBLIC_PREDISPATCHIS_202209291730_20220929170349.zip
227,PUBLIC_PREDISPATCHIS_202209291800_20220929173449.zip
228,PUBLIC_PREDISPATCHIS_202209291830_20220929180338.zip
229,PUBLIC_PREDISPATCHIS_202209291900_20220929183405.zip
230,PUBLIC_PREDISPATCHIS_202209291930_20220929190346.zip
231,PUBLIC_PREDISPATCHIS_202209292000_20220929193336.zip
232,PUBLIC_PREDISPATCHIS_202209292030_20220929200321.zip
233,PUBLIC_PREDISPATCHIS_202209292100_20220929203336.zip
234,PUBLIC_PREDISPATCHIS_202209292130_20220929210509.zip
235,PUBLIC_PREDISPATCHIS_202209292200_20220929213423.zip
236,PUBLIC_PREDISPATCHIS_202209292230_20220929220424.zip
237,PUBLIC_PREDISPATCHIS_202209292300_20220929223335.zip
238,PUBLIC_PREDISPATCHIS_202209292330_20220929230332.zip
239,PUBLIC_PREDISPATCHIS_202209300000_20220929233359.zip
240,PUBLIC_PREDISPATCHIS_202209300030_20220930000406.zip
241,PUBLIC_PREDISPATCHIS_202209300100_20220930003313.zip
242,PUBLIC_PREDISPATCHIS_202209300130_20220930010303.zip
243,PUBLIC_PREDISPATCHIS_202209300200_20220930013437.zip
244,PUBLIC_PREDISPATCHIS_202209300230_20220930020323.zip
245,PUBLIC_PREDISPATCHIS_202209300300_20220930023343.zip
246,PUBLIC_PREDISPATCHIS_202209300330_20220930030317.zip
247,PUBLIC_PREDISPATCHIS_202209300400_20220930033339.zip
248,PUBLIC_PREDISPATCHIS_202209300430_20220930040250.zip
249,PUBLIC_PREDISPATCHIS_202209300500_20220930043303.zip
250,PUBLIC_PREDISPATCHIS_202209300530_20220930050243.zip
251,PUBLIC_PREDISPATCHIS_202209300600_20220930053251.zip
252,PUBLIC_PREDISPATCHIS_202209300630_20220930060303.zip
253,PUBLIC_PREDISPATCHIS_202209300700_20220930063240.zip
254,PUBLIC_PREDISPATCHIS_202209300730_20220930070328.zip
255,PUBLIC_PREDISPATCHIS_202209300800_20220930073247.zip
256,PUBLIC_PREDISPATCHIS_202209300830_20220930080334.zip
257,PUBLIC_PREDISPATCHIS_202209300900_20220930083224.zip
258,PUBLIC_PREDISPATCHIS_202209300930_20220930090325.zip
259,PUBLIC_PREDISPATCHIS_202209301000_20220930093256.zip
260,PUBLIC_PREDISPATCHIS_202209301030_20220930100348.zip
261,PUBLIC_PREDISPATCHIS_202209301100_20220930103356.zip
262,PUBLIC_PREDISPATCHIS_202209301130_20220930110315.zip
263,PUBLIC_PREDISPATCHIS_202209301200_20220930113247.zip
264,PUBLIC_PREDISPATCHIS_202209301230_20220930120251.zip
265,PUBLIC_PREDISPATCHIS_202209301300_20220930123519.zip
266,PUBLIC_PREDISPATCHIS_202209301330_20220930130452.zip
267,PUBLIC_PREDISPATCHIS_202209301400_20220930133422.zip
268,PUBLIC_PREDISPATCHIS_202209301430_20220930140622.zip
269,PUBLIC_PREDISPATCHIS_202209301500_20220930143339.zip
270,PUBLIC_PREDISPATCHIS_202209301530_20220930150413.zip
271,PUBLIC_PREDISPATCHIS_202209301600_20220930153457.zip
272,PUBLIC_PREDISPATCHIS_202209301630_20220930160343.zip
273,PUBLIC_PREDISPATCHIS_202209301700_20220930163412.zip
274,PUBLIC_PREDISPATCHIS_202209301730_20220930170419.zip
275,PUBLIC_PREDISPATCHIS_202209301800_20220930173352.zip
276,PUBLIC_PREDISPATCHIS_202209301830_20220930180342.zip
277,PUBLIC_PREDISPATCHIS_202209301900_20220930183419.zip
278,PUBLIC_PREDISPATCHIS_202209301930_20220930190337.zip
279,PUBLIC_PREDISPATCHIS_202209302000_20220930193355.zip
280,PUBLIC_PREDISPATCHIS_202209302030_20220930200411.zip
281,PUBLIC_PREDISPATCHIS_202209302100_20220930203400.zip
282,PUBLIC_PREDISPATCHIS_202209302130_20220930210332.zip
283,PUBLIC_PREDISPATCHIS_202209302200_20220930213316.zip
284,PUBLIC_PREDISPATCHIS_202209302230_20220930220315.zip
285,PUBLIC_PREDISPATCHIS_202209302300_20220930223315.zip
286,PUBLIC_PREDISPATCHIS_202209302330_20220930230326.zip
287,PUBLIC_PREDISPATCHIS_202210010000_20220930233416.zip
288,PUBLIC_PREDISPATCHIS_202210010030_20221001000305.zip
289,PUBLIC_PREDISPATCHIS_202210010100_20221001003308.zip
290,PUBLIC_PREDISPATCHIS_202210010130_20221001010313.zip
291,PUBLIC_PREDISPATCHIS_202210010200_20221001013303.zip
292,PUBLIC_PREDISPATCHIS_202210010230_20221001020254.zip
293,PUBLIC_PREDISPATCHIS_202210010300_20221001023310.zip
294,PUBLIC_PREDISPATCHIS_202210010330_20221001030422.zip
295,PUBLIC_PREDISPATCHIS_202210010400_20221001033325.zip
296,PUBLIC_PREDISPATCHIS_202210010430_20221001040252.zip
297,PUBLIC_PREDISPATCHIS_202210010500_20221001043252.zip
298,PUBLIC_PREDISPATCHIS_202210010530_20221001050304.zip
299,PUBLIC_PREDISPATCHIS_202210010600_20221001053259.zip
300,PUBLIC_PREDISPATCHIS_202210010630_20221001060258.zip
301,PUBLIC_PREDISPATCHIS_202210010700_20221001063326.zip
302,PUBLIC_PREDISPATCHIS_202210010730_20221001070221.zip
303,PUBLIC_PREDISPATCHIS_202210010800_20221001073301.zip
304,PUBLIC_PREDISPATCHIS_202210010830_20221001080305.zip
305,PUBLIC_PREDISPATCHIS_202210010900_20221001083237.zip
306,PUBLIC_PREDISPATCHIS_202210010930_20221001090239.zip
307,PUBLIC_PREDISPATCHIS_202210011000_20221001093237.zip
308,PUBLIC_PREDISPATCHIS_202210011030_20221001100309.zip
309,PUBLIC_PREDISPATCHIS_202210011100_20221001103258.zip
310,PUBLIC_PREDISPATCHIS_202210011130_20221001110230.zip
311,PUBLIC_PREDISPATCHIS_202210011200_20221001113250.zip
312,PUBLIC_PREDISPATCHIS_202210011230_20221001120259.zip
313,PUBLIC_PREDISPATCHIS_202210011300_20221001123738.zip
314,PUBLIC_PREDISPATCHIS_202210011330_20221001130508.zip
315,PUBLIC_PREDISPATCHIS_202210011400_20221001133455.zip
316,PUBLIC_PREDISPATCHIS_202210011430_20221001140510.zip
317,PUBLIC_PREDISPATCHIS_202210011500_20221001143439.zip
318,PUBLIC_PREDISPATCHIS_202210011530_20221001150357.zip
319,PUBLIC_PREDISPATCHIS_202210011600_20221001153434.zip
320,PUBLIC_PREDISPATCHIS_202210011630_20221001160524.zip
321,PUBLIC_PREDISPATCHIS_202210011700_20221001163451.zip
322,PUBLIC_PREDISPATCHIS_202210011730_20221001170358.zip
323,PUBLIC_PREDISPATCHIS_202210011800_20221001173409.zip
324,PUBLIC_PREDISPATCHIS_202210011830_20221001180403.zip
325,PUBLIC_PREDISPATCHIS_202210011900_20221001183523.zip
326,PUBLIC_PREDISPATCHIS_202210011930_20221001190512.zip
327,PUBLIC_PREDISPATCHIS_202210012000_20221001193535.zip
328,PUBLIC_PREDISPATCHIS_202210012030_20221001200505.zip
329,PUBLIC_PREDISPATCHIS_202210012100_20221001203554.zip
330,PUBLIC_PREDISPATCHIS_202210012130_20221001210428.zip
331,PUBLIC_PREDISPATCHIS_202210012200_20221001213421.zip
332,PUBLIC_PREDISPATCHIS_202210012230_20221001220439.zip
333,PUBLIC_PREDISPATCHIS_202210012300_20221001223334.zip
334,PUBLIC_PREDISPATCHIS_202210012330_20221001230346.zip
335,PUBLIC_PREDISPATCHIS_202210020000_20221001233339.zip
